Dosya adı;Sınıf;Ünite;Konu;Durum;Ne fotoğraflansın;Türkçe arama;İngilizce arama;Kaynak;Not
s4-u1-0.jpg;4;1;Günlük Konuşmalarda Dinî İfadeler;BEKLIYOR;Selamlaşan iki çocuk / el sıkışma;selamlaşma çocuklar;children greeting handshake;Pixabay;Günlük konuşma ifadeleri: sıcak, yakın plan bir kare seç.
s4-u1-1.jpg;4;1;Dilek ve Dualarda Geçen Dinî İfadeler;BEKLIYOR;Dua eden açık eller (yüz görünmeden);dua eden eller;praying hands supplication;Pixabay;"Yüz görünmesin; sadece eller kadraja girsin."
s4-u1-2.jpg;4;1;Bir Dua Tanıyorum: Sübhâneke Duası ve Anlamı;BEKLIYOR;Açık Kur’an ve tespih, sade masa üstü;Kur’an tespih;quran prayer beads table;Pixabay;Sübhâneke duası bölümü — sakin, nötr bir kare.
s4-u1-3.jpg;4;1;Şükrü Hayatımıza Yansıtmak;BEKLIYOR;Sofrada paylaşılan ekmek / bereket;ekmek sofra paylaşım;bread sharing table gratitude;Pixabay;Şükür konusu. İsraf çağrıştıran taşkın sofra seçme.
s4-u1-4.jpg;4;1;Dinimizde Temizliğin Önemi;BEKLIYOR;Musluktan akan su altında el yıkama;el yıkama musluk;washing hands tap water;Pixabay;Temizlik. Çocuk eli tercih edilir.
s4-u1-5.jpg;4;1;Helal ve Sağlıklı Beslenme;BEKLIYOR;Meyve-sebze dolu sağlıklı tabak;sağlıklı beslenme tabak;healthy food plate fruits;Pixabay;Helal ve sağlıklı beslenme.
s4-u2-0.jpg;4;2;İslam'ın İnanç Esasları (İmanın Şartları);BEKLIYOR;Cami avlusunda gökyüzüne açılan kubbe;cami kubbe içten;mosque dome interior;Wikimedia Commons;İmanın esasları: soyut konu, mimari sembol kullan.
s4-u2-1.jpg;4;2;İslam'ın Şartları;BEKLIYOR;Şadırvan / abdest alınan çeşme;şadırvan cami;mosque ablution fountain;Wikimedia Commons;İslam’ın şartları — ibadet hazırlığı çağrışımı.
s4-u2-2.jpg;4;2;Kur'an-ı Kerim;BEKLIYOR;Rahle üstünde açık Kur’an-ı Kerim;rahle Kur’an;quran on wooden rehal stand;Pixabay;Sayfalar net görünsün.
s4-u2-3.jpg;4;2;Bir Dua Tanıyorum: Âmentü Duası ve Anlamı;BEKLIYOR;Hat sanatıyla yazılmış levha;hat sanatı levha;islamic calligraphy panel;Wikimedia Commons;Âmentü duası bölümü.
s4-u3-0.jpg;4;3;Din Güzel Ahlaktır;BEKLIYOR;Birbirine yardım eden iki çocuk;yardımlaşan çocuklar;children helping each other;Pixabay;Güzel ahlak — davranış gösteren bir kare.
s4-u3-1.jpg;4;3;İnsani İlişkilerin Temeli: Sevgi ve Saygı;BEKLIYOR;Torununun elini tutan yaşlı bir el;büyükanne çocuk el;grandparent child holding hands;Pixabay;Sevgi ve saygı.
s4-u3-2.jpg;4;3;Bir Sure Tanıyorum: Fatiha Suresi ve Anlamı;BEKLIYOR;Fatiha suresinin yazılı olduğu mushaf sayfası;Fatiha suresi mushaf;Al-Fatiha quran page;Wikimedia Commons;Elyazması veya basılı mushaf sayfası olabilir.
s4-u4-0.jpg;4;4;Hz. Muhammed'in (sav) Doğduğu Çevre;BEKLIYOR;Mekke çevresindeki çöl ve dağlar;Mekke dağları çöl;Mecca desert mountains Hejaz;Wikimedia Commons;DİKKAT: kişi tasviri yok. Coğrafya fotoğrafı.
s4-u4-1.jpg;4;4;Hz. Muhammed'in (sav) Ailesi;BEKLIYOR;Eski Arap evi / taş mimari detayı;geleneksel Arap evi;traditional Hejazi house Mecca;Wikimedia Commons;Aile konusu — mekân üzerinden anlat.
s4-u4-2.jpg;4;4;Doğumu, Çocukluk ve Gençlik Yılları;BEKLIYOR;Hurma ağaçları ve çöl gün doğumu;hurma ağacı çöl;date palm desert sunrise;Pixabay;Doğum, çocukluk, gençlik — sembolik manzara.
s4-u4-3.jpg;4;4;Mekke ve Medine Yılları;BEKLIYOR;Mescid-i Nebevî dış görünüm;Mescid-i Nebevi Medine;Al-Masjid an-Nabawi exterior;Wikimedia Commons;Mekke–Medine yılları.
s4-u4-4.jpg;4;4;Bir Dua Tanıyorum: Salli ve Barik Duaları;BEKLIYOR;Cami içinde ışık huzmesi;cami iç ışık;mosque interior light beam;Wikimedia Commons;Salli-Barik duaları bölümü.
s4-u5-0.jpg;4;5;İslam Dini ve Temizlik;HAZIR;Su damlası;;;Fotoğraf: José Manuel Suárez — CC BY 2.0 · Wikimedia Commons;
s4-u5-1.jpg;4;5;Bedenimi ve Giysilerimi Temiz Tutarım;BEKLIYOR;Asılı temiz çamaşırlar;temiz çamaşır asılı;clean laundry hanging line;Pixabay;Beden ve giysi temizliği.
s4-u5-2.jpg;4;5;Evimi ve Okulumu Temiz Tutarım;BEKLIYOR;Toplanmış düzenli çocuk odası / sınıf;düzenli sınıf;tidy classroom desks;Pixabay;Ev ve okul temizliği.
s4-u5-3.jpg;4;5;Çevremi Temiz Tutarım;BEKLIYOR;Çöp toplayan çocuklar / temiz park;çevre temizliği çocuk;children cleaning park litter;Pixabay;Çevre temizliği.
s4-u6-0.jpg;4;6;Allah'ı Tanıyorum;BEKLIYOR;Gün doğumunda dağ manzarası;gün doğumu dağ;sunrise mountain landscape;Pixabay;Allah’ı tanıma — tabiat üzerinden.
s4-u6-1.jpg;4;6;Allah Bizi Seviyor;BEKLIYOR;Yeni açmış çiçek / filiz;filiz toprak;seedling sprout soil;Pixabay;Allah bizi seviyor — nimet ve şefkat çağrışımı.
s4-u6-2.jpg;4;6;Allah'a Dua Ediyorum;BEKLIYOR;Seccade üzerinde açık eller;seccade dua;prayer rug hands dua;Pixabay;"Dua konusu; yüz kadraja girmesin."
s4-u6-3.jpg;4;6;Kelime-i Tevhit ve Kelime-i Şehadet;BEKLIYOR;Kelime-i tevhit yazılı hat levhası;kelime-i tevhid hat;kalima tawhid calligraphy;Wikimedia Commons;Tevhit ve şehadet.
s4-u6-4.jpg;4;6;Bir Dua Öğreniyorum: Amentü Duası;BEKLIYOR;Açık Kur’an ve mum ışığı;Kur’an mum;open quran candlelight;Pixabay;Âmentü duası (4. sınıf).
s5-u1-0.jpg;5;1;Evrendeki Mükemmel Düzen;HAZIR;Yıldızlı gece göğü;;;Fotoğraf: Andy (Pittsburgh) — CC BY 2.0 · Wikimedia Commons;
s5-u1-1.jpg;5;1;Allah'ın Varlığı ve Birliği;BEKLIYOR;Bal peteği veya kar tanesi makro;bal peteği makro;honeycomb macro pattern;Pixabay;Allah’ın varlığı ve birliği — düzen delili.
s5-u1-2.jpg;5;1;Allah'ın Güzel İsimleri (Esmaülhüsna);BEKLIYOR;Esmaülhüsna yazılı hat panosu;esmaülhüsna hat;names of Allah calligraphy;Wikimedia Commons;Cami duvarındaki levha da olur.
s5-u1-3.jpg;5;1;Bir Sure Öğreniyorum: İhlas Suresi;BEKLIYOR;İhlas suresi yazılı mushaf sayfası;İhlas suresi;Surah Al-Ikhlas quran page;Wikimedia Commons;
s5-u2-0.jpg;5;2;Namaz İbadeti;HAZIR;Bir caminin namaz kılınan iç mekânı;;;Fotoğraf: Paul Livingstone — CC BY 2.0 · Wikimedia Commons;
s5-u2-1.jpg;5;2;Namazın Kılınışı;BEKLIYOR;Boş seccade ve mihrap;mihrap seccade;mihrab prayer niche carpet;Wikimedia Commons;Namazın kılınışı — adımları illüstrasyon anlatıyor, foto mekân versin.
s5-u2-2.jpg;5;2;Namaz İbadetinin İnsana Kazandırdıkları;BEKLIYOR;Cami penceresinden gelen sabah ışığı;cami pencere ışık;mosque window morning light;Wikimedia Commons;Namazın kazandırdıkları.
s5-u2-3.jpg;5;2;Bir Dua Öğreniyorum: Tahiyyat Duası;BEKLIYOR;Oturur vaziyette seccade detayı;seccade deseni;prayer rug pattern detail;Pixabay;Tahiyyat duası.
s5-u3-0.jpg;5;3;Kur'an-ı Kerim'in İç Düzeni;BEKLIYOR;Mushafın cüz/sure başlıklı süslü sayfası;mushaf tezhip sure başı;illuminated quran surah heading;Wikimedia Commons;Kur’an’ın iç düzeni: sure–ayet–cüz.
s5-u3-1.jpg;5;3;Kur'an-ı Kerim'in Temel Özellikleri;HAZIR;Nesih hattıyla yazılmış Kur’an sayfası;;;Fotoğraf: Zeynelâbidîn İsfahânî — Kamu malı · Wikimedia Commons;
s5-u3-2.jpg;5;3;Kur'an-ı Kerim'in Ana Konuları;BEKLIYOR;Elde tutulan açık Kur’an;Kur’an okuyan el;hands holding open quran;Pixabay;Ana konular.
s5-u3-3.jpg;5;3;Bir Sure Öğreniyorum: Kevser Suresi;BEKLIYOR;Kevser suresi yazılı sayfa;Kevser suresi;Surah Al-Kawthar quran;Wikimedia Commons;
s5-u4-0.jpg;5;4;Allah'ın Elçileri: Peygamberler;BEKLIYOR;Uzayan yol / patika;patika yol tabiat;path trail landscape;Pixabay;Peygamberler: rehberlik ve yol çağrışımı. Kişi tasviri YOK.
s5-u4-1.jpg;5;4;Kur'an-ı Kerim'den Öğütler: Peygamber Kıssaları;HAZIR;Nuh’un gemisinin bire bir ölçekli maketi;;;Fotoğraf: neufal54 — CC0 · Wikimedia Commons;
s5-u4-2.jpg;5;4;Bir Sure Öğreniyorum: Kureyş Suresi;HAZIR;Kâbe;;;Fotoğraf: Bilinmeyen — Kamu malı · Wikimedia Commons;
s5-u5-0.jpg;5;5;Dinin Mimarimize Etkisi;HAZIR;Cami süslemesinde geometrik desen;;;Fotoğraf: Petar Milošević — CC BY-SA 4.0 · Wikimedia Commons;
s5-u5-1.jpg;5;5;Camileri Tanıyalım;BEKLIYOR;Cami bölümleri görünen geniş iç mekân;cami iç mekan minber mihrap;mosque interior minbar mihrab;Wikimedia Commons;Camileri tanıyalım — minber, mihrap, mahfil görünsün.
s5-u5-2.jpg;5;5;Kültürümüzden Cami Örnekleri;HAZIR;Süleymaniye Camii, İstanbul;;;Fotoğraf: Mattias Hill — CC BY-SA 4.0 · Wikimedia Commons;
s6-u1-0.jpg;6;1;İnsanlara Rehber: Peygamber;BEKLIYOR;Yol gösteren fener / deniz feneri;deniz feneri;lighthouse guiding light;Pixabay;Peygamber = rehber. Kişi tasviri YOK.
s6-u1-1.jpg;6;1;Peygamberlerin İlettiği Mesaj: Vahiy;BEKLIYOR;Hira Dağı / Nur Dağı manzarası;Hira mağarası Nur dağı;Jabal al-Nur Hira cave;Wikimedia Commons;Vahiy konusu.
s6-u1-2.jpg;6;1;İlahi Kitaplar;HAZIR;Abbâsî dönemine ait Kur’an sayfası;;;Fotoğraf: Bilinmeyen — Kamu malı · Wikimedia Commons;
s6-u1-3.jpg;6;1;Bir Sure Öğreniyorum: Felak Suresi;BEKLIYOR;Felak suresi yazılı sayfa;Felak suresi;Surah Al-Falaq quran page;Wikimedia Commons;
s6-u2-0.jpg;6;2;Oruç ve Kur'an Ayı Ramazan;BEKLIYOR;Ramazan’da kandilleri yanan cami;ramazan cami mahya;ramadan mosque lights night;Wikimedia Commons;Oruç ve Kur’an ayı.
s6-u2-1.jpg;6;2;Oruç İbadeti;BEKLIYOR;Hurma ve su bardağı;hurma su iftar;dates and water iftar;Pixabay;Oruç ibadeti.
s6-u2-2.jpg;6;2;Oruç İbadetinin İnsana Kazandırdıkları;BEKLIYOR;Kalabalık iftar sofrası / paylaşma;iftar sofrası toplu;community iftar meal;Wikimedia Commons;Orucun kazandırdıkları — dayanışma.
s6-u2-3.jpg;6;2;Bir Dua Öğreniyorum: İftar Duası;HAZIR;Hilal;;;Fotoğraf: Bilinmeyen — Kamu malı · Wikimedia Commons;
s6-u3-0.jpg;6;3;Doğru Sözlü Olmak;BEKLIYOR;Kalem ve dürüstlük çağrıştıran imza / söz;el sıkışma güven;handshake trust agreement;Pixabay;Doğru sözlü olmak.
s6-u3-1.jpg;6;3;Merhametli Olmak;BEKLIYOR;Sokak kedisini besleyen el;kedi besleyen el;feeding stray cat hand;Pixabay;Merhamet.
s6-u3-2.jpg;6;3;Adap ve Nezaket Kurallarına Uymak;BEKLIYOR;Yaşlıya yer veren genç (otobüs);yaşlıya yardım;young person helping elderly;Pixabay;Adap ve nezaket.
s6-u3-3.jpg;6;3;Vatanımızı Sevmek;BEKLIYOR;Türk bayrağı;Türk bayrağı;Turkish flag waving;Pixabay;Vatan sevgisi.
s6-u3-4.jpg;6;3;Bir Dua Öğreniyorum: Kunut Duaları;BEKLIYOR;Kunut duası okunan cami iç mekânı;cami vitray;mosque stained glass window;Wikimedia Commons;Kunut duaları.
s6-u4-0.jpg;6;4;Hz. Muhammed'in (sav) Doğduğu Çevre;BEKLIYOR;Kâbe çevresi eski gravür-fotoğraf / Mekke şehri;Mekke şehir eski;old Mecca city photograph;Wikimedia Commons;Doğduğu çevre. Kişi tasviri YOK.
s6-u4-1.jpg;6;4;Hz. Muhammed'in (sav) Ailesi ve Çocukluğu;BEKLIYOR;Geleneksel çöl çadırı / kervan yolu;çöl çadırı bedevi;bedouin tent desert;Wikimedia Commons;Ailesi ve çocukluğu — dönem atmosferi.
s6-u4-2.jpg;6;4;Hz. Muhammed'in (sav) Gençlik Yılları;BEKLIYOR;Eski ticaret kervan yolu / develer;deve kervanı çöl;camel caravan desert trade;Pixabay;Gençlik yılları, ticaret.
s6-u4-3.jpg;6;4;Bir Sure Öğreniyorum: Fil Suresi;BEKLIYOR;Fil suresi yazılı sayfa;Fil suresi;Surah Al-Fil quran page;Wikimedia Commons;
s6-u5-0.jpg;6;5;Geleneğimizde Dinin İzleri;BEKLIYOR;Bayram sabahı el öpme / bayram şekeri;bayram geleneği;eid celebration tradition Turkey;Wikimedia Commons;Geleneğimizde dinin izleri.
s6-u5-1.jpg;6;5;Edebiyatımızda Dinin İzleri;BEKLIYOR;Eski Osmanlı el yazması divan sayfası;divan edebiyatı el yazması;Ottoman manuscript poetry page;Wikimedia Commons;Edebiyatımızda dinin izleri.
s6-u5-2.jpg;6;5;Musikimizde Dinin İzleri;HAZIR;İslam sanatında geometrik desen;;;Fotoğraf: Jorge Láscar — CC BY 2.0 · Wikimedia Commons;
s7-u1-0.jpg;7;1;Görülen ve Görülemeyen Varlıklar;BEKLIYOR;Rüzgârda eğilen ağaçlar (görülmeyeni gösteren);rüzgar ağaç;wind bending trees;Pixabay;"Görülen–görülemeyen varlıklar; rüzgâr güzel bir örnek."
s7-u1-1.jpg;7;1;Melekler ve Özellikleri;BEKLIYOR;Gökyüzünde ışık / bulut arası huzme;bulutlar ışık huzmesi;sunbeam through clouds;Pixabay;Melekler. Kanatlı insan figürü ARAMA.
s7-u1-2.jpg;7;1;Dünya ve Ahiret Hayatı, Ahiretin Aşamaları;BEKLIYOR;Şafak / gece-gündüz geçişi;şafak ufuk;dawn horizon transition;Pixabay;Dünya–ahiret, aşamalar.
s7-u1-3.jpg;7;1;Ahiret İnancının Etkisi ve Hz. İsa (as);BEKLIYOR;Zeytin dalı / barış sembolü;zeytin dalı;olive branch;Pixabay;Hz. İsa (as) bölümü — kişi tasviri YOK.
s7-u2-0.jpg;7;2;İslam'da Hac İbadeti ve Önemi;HAZIR;Mekke’de Kâbe;;;Fotoğraf: Farazbinyusuf — CC0 · Wikimedia Commons;
s7-u2-1.jpg;7;2;Haccın Yapılışı;BEKLIYOR;Hac sırasında Arafat / Mina çadırları;Arafat hac;Mount Arafat pilgrims tents Mina;Wikimedia Commons;Haccın yapılışı.
s7-u2-2.jpg;7;2;Umre ve Önemi;BEKLIYOR;Mescid-i Haram gece görünümü;Mescid-i Haram gece;Masjid al-Haram night;Wikimedia Commons;Umre.
s7-u2-3.jpg;7;2;Kurban İbadeti, Hz. İsmail (as), Enam;BEKLIYOR;Kurban bayramı koyun sürüsü / çoban;koyun sürüsü;sheep flock pasture;Pixabay;Kurban ibadeti. Kesim görüntüsü SEÇME.
s7-u3-0.jpg;7;3;Güzel Ahlaki Tutum ve Davranışlar;BEKLIYOR;Yardım eli uzatan iki kişi (siluet);yardım eli;helping hand reaching;Pixabay;Güzel ahlaki tutumlar.
s7-u3-1.jpg;7;3;Kaçınmamız Gereken Kötü Tutum ve Davranışlar;BEKLIYOR;Kırık zincir / çatlak duvar;çatlak duvar;cracked wall broken;Pixabay;Kaçınılması gereken davranışlar — olumsuz kavramı nesneyle anlat.
s7-u3-2.jpg;7;3;Bir Peygamber Tanıyorum: Hz. Salih (as);BEKLIYOR;Semud yurdu Medâin Sâlih kaya mezarları;Medain Salih kaya;Hegra Madain Salih rock tombs;Wikimedia Commons;Hz. Salih (as) — tarihî mekân.
s7-u3-3.jpg;7;3;Bir Sure Tanıyorum: Felak Suresi ve Anlamı;BEKLIYOR;Felak suresi yazılı sayfa (7. sınıf);Felak suresi hat;Al-Falaq calligraphy;Wikimedia Commons;"Not: 6-u1-3 ile aynı sure; FARKLI bir fotoğraf seç."
s7-u4-0.jpg;7;4;Vahyin Başlaması: Hira'da Bir Gece;BEKLIYOR;Hira mağarası girişi;Hira mağarası;Cave of Hira entrance;Wikimedia Commons;Vahyin başlaması. Kişi tasviri YOK.
s7-u4-1.jpg;7;4;Mekke'de Direniş: Baskılar ve Sabır;BEKLIYOR;Çöl güneşi altında kayalık arazi;çöl kayalık;harsh desert rocky terrain;Pixabay;Mekke’de direniş, sabır.
s7-u4-2.jpg;7;4;Boykot, Hüzün Yılı ve Taif Yolculuğu;BEKLIYOR;Taif yolu / dağ geçidi;Taif dağ yolu;Taif mountain road Saudi;Wikimedia Commons;Boykot, hüzün yılı, Taif.
s7-u4-3.jpg;7;4;İsra, Miraç ve Akabe Biatleri;BEKLIYOR;Kudüs Mescid-i Aksâ / Kubbetü’s-Sahra;Mescid-i Aksa Kubbetüssahra;Dome of the Rock Al-Aqsa;Wikimedia Commons;İsra ve Miraç.
s7-u4-4.jpg;7;4;Hicret: Planlı Bir Yeni Başlangıç;BEKLIYOR;Mekke–Medine arası çöl yolu;çöl yolu hicret;desert road Hejaz journey;Wikimedia Commons;Hicret.
s7-u4-5.jpg;7;4;Medine Dönemi: Bir Toplum İnşa Ediliyor;HAZIR;Mescid-i Nebevî’nin Yeşil Kubbesi, Medine;;;Fotoğraf: Wadie Al-Houh — CC0 · Wikimedia Commons;
s7-u4-6.jpg;7;4;Bir Sure Öğreniyorum: Nasr Suresi;BEKLIYOR;Nasr suresi yazılı sayfa;Nasr suresi;Surah An-Nasr quran page;Wikimedia Commons;
s7-u4-7.jpg;7;4;Bir Sure Öğreniyorum: Kâfirun Suresi;BEKLIYOR;Kâfirun suresi yazılı sayfa;Kâfirun suresi;Surah Al-Kafirun quran;Wikimedia Commons;
s7-u5-0.jpg;7;5;Din Anlayışındaki Yorum Farklılıkları;BEKLIYOR;Aynı ağacın farklı dalları / prizmadan ayrışan ışık;prizma ışık;prism light spectrum;Pixabay;Yorum farklılıkları — tek kaynak, çok renk.
s7-u5-1.jpg;7;5;İtikadi Yorumlar: Maturidilik ve Eşarilik;BEKLIYOR;Eski medrese iç avlusu;medrese avlu;madrasa courtyard Ottoman;Wikimedia Commons;İtikadi yorumlar: Maturidilik–Eşarilik.
s7-u5-2.jpg;7;5;Fıkhi Yorumlar: İbadet ve Günlük Hayat;BEKLIYOR;El yazması fıkıh kitabı sayfası;fıkıh el yazması;islamic manuscript fiqh book;Wikimedia Commons;Fıkhi yorumlar.
s7-u5-3.jpg;7;5;Kültürümüzdeki Tasavvufi Yorumlar;HAZIR;Konya’da semazenler;;;Fotoğraf: Kyle Lamothe — CC BY 3.0 · Wikimedia Commons;
s7-u5-4.jpg;7;5;Alevilik-Bektaşilik: Temel Kavramlar ve Cem Erkânı;BEKLIYOR;Cem evi / bağlama ve semah meydanı;bağlama semah cem;baglama saz Alevi cem;Wikimedia Commons;Alevilik-Bektaşilik. Saygılı, temsil edici bir kare seç.
s7-u5-5.jpg;7;5;Ortak Payda: Sevgi, Saygı ve Birlikte Yaşama;BEKLIYOR;Farklı ellerin birleştiği halka;birlik eller halka;diverse hands circle unity;Pixabay;Birlikte yaşama.
s8-u1-0.jpg;8;1;Kader ve Kaza İnancı;BEKLIYOR;Yıldızlı gökyüzü uzun pozlama;yıldız izleri gökyüzü;star trails night sky;Pixabay;Kader ve kaza — evrendeki yasa.
s8-u1-1.jpg;8;1;İnsanın İradesi ve Kader;BEKLIYOR;Yol ayrımı / iki yöne giden patika;yol ayrımı;forked path crossroads;Pixabay;İnsanın iradesi ve seçim.
s8-u1-2.jpg;8;1;Kaderle İlgili Kavramlar;BEKLIYOR;Kum saati;kum saati;hourglass sand time;Pixabay;Ecel, ömür, rızık gibi kavramlar.
s8-u1-3.jpg;8;1;Bir Peygamber Tanıyorum: Hz. Musa (as);BEKLIYOR;Sina Dağı / Tûr manzarası;Sina Dağı;Mount Sinai landscape;Wikimedia Commons;Hz. Musa (as) — kişi tasviri YOK.
s8-u1-4.jpg;8;1;Bir Ayet Tanıyorum: Ayetelkürsi ve Anlamı;BEKLIYOR;Ayetelkürsi yazılı hat levhası;Ayetel Kürsi hat;Ayat al-Kursi calligraphy;Wikimedia Commons;
s8-u2-0.jpg;8;2;İslam'ın Paylaşma ve Yardımlaşmaya Verdiği Önem;BEKLIYOR;Gıda kolisi hazırlayan gönüllüler;yardım kolisi gönüllü;volunteers food donation boxes;Pixabay;Paylaşma ve yardımlaşma.
s8-u2-1.jpg;8;2;Zekât ve Sadaka İbadeti;BEKLIYOR;Kumbaraya / bağış kutusuna atılan para;bağış kutusu;donation box coins charity;Pixabay;Zekât ve sadaka.
s8-u2-2.jpg;8;2;Zekât ve Sadakanın Bireysel ve Toplumsal Faydaları;BEKLIYOR;Aşevi / toplu yemek dağıtımı;aşevi yemek dağıtımı;soup kitchen serving meal;Wikimedia Commons;Bireysel ve toplumsal faydalar.
s8-u2-3.jpg;8;2;Bir Peygamber Tanıyorum: Hz. Şuayb (as);BEKLIYOR;Eski terazi / ölçü aleti;antika terazi;antique balance scale weights;Pixabay;Hz. Şuayb (as) — ölçü-tartı.
s8-u2-4.jpg;8;2;Bir Sure Tanıyorum: Maun Suresi ve Anlamı;BEKLIYOR;Maun suresi yazılı sayfa;Maun suresi;Surah Al-Maun quran page;Wikimedia Commons;
s8-u3-0.jpg;8;3;Dinin Gayesi: Zarûrât-ı Hamse (Beş Temel Değer);BEKLIYOR;Beş sütunlu revak / sağlam temel;revak sütunlar;colonnade arches pillars;Wikimedia Commons;Zarûrât-ı hamse — beş temel değer.
s8-u3-1.jpg;8;3;Din Toplumsal Bir Olgudur;HAZIR;16 köşeli geometrik desen;;;Fotoğraf: Jim Joel — CC BY-SA 4.0 · Wikimedia Commons;
s8-u3-2.jpg;8;3;Helal Kazanç ve Haram Kazanç Yolları;BEKLIYOR;Emek ve alın teri: zanaatkâr elleri;zanaatkar el emek;craftsman hands working;Pixabay;Helal kazanç.
s8-u3-3.jpg;8;3;Yanlış Dinî Bilgi ve Uygulamalar: Bidat, Hurafe, Tahrif;BEKLIYOR;Bulanık cam ardındaki yazı;bulanık cam yazı;blurred glass distorted text;Pixabay;Bidat, hurafe, tahrif — bilgi bozulması.
s8-u3-4.jpg;8;3;Bir Peygamber Tanıyorum: Hz. Yusuf (as);BEKLIYOR;Kuyu / eski taş kuyu;taş kuyu;old stone well;Pixabay;Hz. Yusuf (as) — kişi tasviri YOK.
s8-u3-5.jpg;8;3;Bir Sure Tanıyorum: Asr Suresi ve Anlamı;BEKLIYOR;Asr suresi yazılı sayfa;Asr suresi;Surah Al-Asr quran page;Wikimedia Commons;
s8-u4-0.jpg;8;4;"Doğruluğu ve Güvenilirliği: ""El-Emin""";BEKLIYOR;Anahtar teslim eden el / emanet sandığı;anahtar emanet;handing over key trust;Pixabay;El-Emin.
s8-u4-1.jpg;8;4;Merhameti ve Affediciliği;BEKLIYOR;Sarılan iki kişi (uzaktan, yüz görünmeden);sarılma affetme;embrace forgiveness silhouette;Pixabay;Merhamet ve affedicilik.
s8-u4-2.jpg;8;4;İstişareye Verdiği Önem;BEKLIYOR;Yuvarlak masada danışan grup;istişare toplantı;group discussion round table;Pixabay;İstişare.
s8-u4-3.jpg;8;4;Cesareti ve Kararlılığı;BEKLIYOR;Zirveye tırmanan tek kişi silueti;dağ zirve tırmanış;climber mountain summit silhouette;Pixabay;Cesaret ve kararlılık.
s8-u4-4.jpg;8;4;İnsanlara Verdiği Değer ve Hakkı Gözetmesi;BEKLIYOR;Herkesin eşit yer aldığı cami safı (arkadan);cami saf eşitlik;prayer row equality mosque;Wikimedia Commons;İnsana verilen değer, hak.
s8-u4-5.jpg;8;4;Bir Sure Tanıyorum: Kureyş Suresi ve Anlamı;BEKLIYOR;Kureyş suresi yazılı sayfa (8. sınıf);Kureyş suresi hat;Surah Quraysh calligraphy;Wikimedia Commons;"Not: 5-u4-2 ile aynı sure; FARKLI bir fotoğraf seç."
s8-u5-0.jpg;8;5;İslam Dininin Temel Kaynağı: Kur'an-ı Kerim;BEKLIYOR;Kütüphanede korunan tarihî mushaf;tarihi mushaf müze;historic quran manuscript museum;Wikimedia Commons;Temel kaynak: Kur’an.
s8-u5-1.jpg;8;5;İslam Dininin İkinci Kaynağı: Sünnet;BEKLIYOR;El yazması hadis kitabı sayfası;hadis el yazması;hadith manuscript page;Wikimedia Commons;İkinci kaynak: sünnet.
s8-u5-2.jpg;8;5;Kur'an-ı Kerim'in Ana Konuları;BEKLIYOR;Açık mushaf ve kalem/not defteri;Kur’an meal not;quran study notebook pen;Pixabay;Ana konular.
s8-u5-3.jpg;8;5;Kur'an-ı Kerim'in Temel Özellikleri;HAZIR;Kûfî hatla yazılmış Kur’an sayfası (A’râf 86-87);;;Fotoğraf: Bilinmeyen — Kamu malı · Wikimedia Commons;
s8-u5-4.jpg;8;5;Bir Peygamber Tanıyorum: Hz. Nuh (as);BEKLIYOR;Ahşap gemi / tekne omurgası;ahşap gemi iskeleti;wooden ship hull ark;Pixabay;"Hz. Nuh (as). Not: 5-u4-1 ile aynı peygamber; FARKLI foto seç."
s8-u5-5.jpg;8;5;Bir Sure Tanıyorum: İhlâs Suresi ve Anlamı;BEKLIYOR;İhlâs suresi yazılı hat levhası;İhlas suresi hat;Surah Al-Ikhlas calligraphy;Wikimedia Commons;"Not: 5-u1-3 ile aynı sure; FARKLI bir fotoğraf seç."
